{"flutter":{"platforms":{"android":{"default":{"projectId":"flutterfirebase-fc4da","appId":"1:96416421602:android:3e565d19f135f9adee70bb","fileOutput":"android/app/google-services.json"}},"ios":{"default":{"projectId":"flutterfirebase-fc4da","appId":"1:96416421602:ios:855a3d7ad9fb538aee70bb","uploadDebugSymbols":false,"fileOutput":"ios/Runner/GoogleService-Info.plist"}},"dart":{"lib/firebase_options.dart":{"projectId":"flutterfirebase-fc4da","configurations":{"android":"1:96416421602:android:3e565d19f135f9adee70bb","ios":"1:96416421602:ios:855a3d7ad9fb538aee70bb"}}}}}}