{
  "project_info": {
    "project_number": "113109835710",
    "firebase_url": "https://vaultify-c7114-default-rtdb.firebaseio.com",
    "project_id": "vaultify-c7114",
    "storage_bucket": "vaultify-c7114.firebasestorage.app"
  },
  "client": [
    {
      "client_info": {
        "mobilesdk_app_id": "1:113109835710:android:e2839672a716791fa8a3ef",
        "android_client_info": {
          "package_name": "com.example.bankingproject"
        }
      },
      "oauth_client": [
        {
          "client_id": "113109835710-d5sntsag0dl9kv5tnff8q5m4lir96rde.apps.googleusercontent.com",
          "client_type": 3
        }
      ],
      "api_key": [
        {
          "current_key": "AIzaSyAiJbQIjPcnO67hU50j5azdEmhrsR4jqxU"
        }
      ],
      "services": {
        "appinvite_service": {
          "other_platform_oauth_client": [
            {
              "client_id": "113109835710-8u5sorc75sndin2vcb5tmnns6upsuof1.apps.googleusercontent.com",
              "client_type": 3
            }
          ]
        }
      }
    }
  ],
  "configuration_version": "1"
}